project_id,project_key,project_name,Total_Issues,Unique_Issues,Issues_With_Created,Issues_With_Resolution,Completed_Issues,Total_Story_Points,Average_Story_Points,Total_Worklog_Hours,Average_Task_Duration_Days,Median_Task_Duration_Days,Average_Transitions,Average_Reassignments,Average_Reopens,Total_Reopens,Total_Worklogs,Total_Dependencies,Total_Blocking_Issues,Total_Blocked_By,Earliest_Created,Latest_Created,Earliest_Resolution,Latest_Resolution,Completion_Percentage,Resolution_Coverage_Percentage,Project_Duration_Days,Usable_Temporal_Data
10000,AC,Accumulate,3054,3054,5,0,2031,3809.0,4.185714285714286,575.2,,,3.735101506221349,0.4639816633922724,0.0,0,111,1195,232,208,2022-01-12 21:06:43+00:00,2022-07-25 13:09:19+00:00,,,66.50294695481335,0.0,,False
10000,AMDATU,Amdatu,524,524,2,1,472,643.0,5.062992125984252,0.0,,,2.730916030534351,1.7767175572519085,0.3683206106870229,193,0,217,0,0,2012-01-19 11:25:43+00:00,2012-03-05 13:14:05+00:00,2012-02-23 14:45:23+00:00,2012-02-23 14:45:23+00:00,90.07633587786259,0.19083969465648853,35.13865740740741,False
10000,ASSS,Alpha SSS,681,681,2,0,447,1128.0,2.8702290076335877,165.049999996,,,1.7841409691629957,0.06020558002936858,0.0,0,130,514,26,26,2015-03-12 20:36:03+00:00,2015-07-05 01:08:34+00:00,,,65.63876651982379,0.0,,False
10000,GATEWAY,CONNECT Gateway - deprecated,3878,3878,3874,1564,3542,3434.5,2.9304607508532423,8970.816666722,59.44995498395614,13.149612268518519,2.3414130995358433,0.9889118102114492,0.11010830324909747,427,1710,2106,0,0,2009-07-27 11:42:09+00:00,2013-02-12 15:10:44+00:00,2009-11-05 19:42:40+00:00,2013-02-13 20:09:44+00:00,91.33574007220217,40.33006704486849,1297.352488425926,True
10000,GNM,Geplante Netzmaßnahmen,1138,1138,1,2,1118,422.0,4.637362637362638,0.0,,,1.818980667838313,1.0228471001757469,0.0,0,0,33,12,11,2018-03-14 14:12:02+00:00,2018-03-14 14:12:02+00:00,2018-04-24 08:26:24+00:00,2018-07-11 07:38:06+00:00,98.24253075571178,0.17574692442882248,118.72643518518518,False
10000,INTEGRATED,Integrated,1726,1726,1,0,1221,1137.0,2.7597087378640777,4670.125000045,,,6.533024333719583,5.405561993047509,0.0,0,4822,912,145,145,2020-09-16 10:05:58+00:00,2020-09-16 10:05:58+00:00,,,70.74159907300115,0.0,,False
10000,OP,openIMIS,2340,2340,2,0,820,525.5,2.2457264957264957,8098.316666674,,,3.1735042735042733,1.2004273504273504,0.0,0,2570,935,77,75,2021-09-30 06:11:17+00:00,2024-09-30 15:12:27+00:00,,,35.04273504273504,0.0,,False
10000,ZBX,ZABBIX BUGS AND ISSUES,24364,24363,24364,12770,21998,4432.9385,0.7918789746337979,13371.883333321,199.42482008885844,19.21978587962963,5.066245279921195,3.244500082088327,0.24400755212608766,5945,4527,9161,0,0,2007-08-26 08:07:54+00:00,2025-09-02 07:40:30+00:00,2007-08-26 09:44:51+00:00,2025-09-02 05:16:50+00:00,90.28895091118044,52.41339681497291,6581.881203703703,True
10001,CART,CaRT,884,884,876,504,883,1214777.0,1910.0267295597484,0.0,149.72365095440182,53.425925925925924,2.259049773755656,0.6425339366515838,0.03167420814479638,28,0,220,0,26,2016-04-08 14:50:19+00:00,2021-08-16 16:24:03+00:00,2016-10-13 14:08:47+00:00,2021-08-06 14:04:47+00:00,99.8868778280543,57.01357466063348,1945.9683796296297,True
10001,DSW,Data Stewardship Wizard,2151,2151,2,1,1875,1891.0,4.775252525252525,8.416666667,,,3.5476522547652256,0.5532310553231056,0.002789400278940028,6,6,142,30,30,2020-01-26 11:49:29+00:00,2020-06-25 07:48:02+00:00,2024-01-31 11:45:55+00:00,2024-01-31 11:45:55+00:00,87.16875871687587,0.046490004649000466,1465.997523148148,False
10001,DURACLOUD,DuraCloud,1201,1201,1,0,983,1381.0,2.0735735735735736,0.0,,,1.810158201498751,0.6353039134054954,0.014154870940882597,17,0,280,0,0,2015-09-11 21:44:56+00:00,2015-09-11 21:44:56+00:00,,,81.84845961698585,0.0,,False
10001,FAT,Folio Automation Testing,20402,20402,10869,10041,19202,6998.6,0.8660561811656974,0.0,39.826582155503125,6.077789351851852,2.1283207528673658,1.3139888246250369,0.0,0,0,17744,180,286,2020-07-23 13:24:13+00:00,2025-08-26 23:17:14+00:00,2020-09-29 13:11:26+00:00,2025-02-13 15:56:18+00:00,94.11822370355848,49.21576316047446,1666.1056134259259,True
10001,QCADOO,qcadoo Framework,450,450,2,0,440,85.0,4.0476190476190474,1456.916666672,,,3.2066666666666666,1.4955555555555555,0.10444444444444445,47,559,157,32,7,2012-07-16 12:44:15+00:00,2014-09-25 12:33:37+00:00,,,97.77777777777777,0.0,,False
10001,RAC,RackHD,5989,5989,2795,5,5917,5659.0,2.6973307912297426,0.0,274.6150347222222,305.78109953703705,2.108031390883286,0.5637001168809485,0.0,0,0,922,67,67,2015-04-21 07:00:00+00:00,2017-08-11 02:59:34+00:00,2017-03-13 21:44:32+00:00,2018-06-19 21:13:06+00:00,98.79779595925864,0.08348639171814994,1155.5924305555557,True
10001,USPSR,USPS-R,7005,7005,11,1,6711,4483.0,1.0963560772805088,31104.949999908,,,4.859957173447538,0.8762312633832976,0.053818700927908636,377,9062,2003,1,0,2010-09-23 19:22:01+00:00,2025-08-27 14:44:13+00:00,2014-11-03 18:34:37+00:00,2014-11-03 18:34:37+00:00,95.80299785867238,0.014275517487508924,1501.9670833333332,False
10002,IDMP,Pistoia Alliance IDMP Ontology,673,673,576,358,587,838.0,6.758064516129032,4.0,52.5134421878233,28.727332175925927,3.0208023774145616,0.4115898959881129,0.0,0,2,266,40,40,2022-03-16 09:24:15+00:00,2024-01-19 11:27:11+00:00,2022-03-30 15:23:50+00:00,2023-10-27 20:02:13+00:00,87.22139673105498,53.19465081723626,590.4430324074074,True
10002,POLICY,Policy Framework,5400,5400,4911,3618,5342,1116.0,7.063291139240507,448.0,72.17568748656409,22.0378125,3.1753703703703704,0.6592592592592592,0.045,243,18,1508,293,267,2017-03-03 22:19:56+00:00,2024-03-13 11:00:27+00:00,2017-04-25 13:42:12+00:00,2024-03-20 09:41:37+00:00,98.92592592592592,67.0,2573.4733912037036,True
10002,UIOR,ui-orders,1081,1081,913,839,982,1196.0,1.395565927654609,0.0,54.6210128349446,17.29885416666667,4.815911193339501,2.5661424606845515,0.0,0,0,2933,96,164,2018-09-05 16:59:24+00:00,2024-01-30 22:48:01+00:00,2018-10-19 09:38:36+00:00,2024-02-01 11:00:20+00:00,90.84181313598519,77.61332099907493,1974.7506481481482,True
10002,USASR,USAS-R,5318,5318,4,3,4795,1704.5,1.1995073891625616,38044.48333333,,,4.028018051899211,0.7837532907107936,0.04061677322301617,216,10891,3345,1,1,2012-11-30 15:17:42+00:00,2025-01-03 20:14:59+00:00,2010-01-07 16:45:05+00:00,2014-12-18 13:25:31+00:00,90.16547574276044,0.056412185031966905,747.9220949074074,False
10003,ICN,Integrated Cloud Native NFV,648,648,648,351,481,1409.0,3.558080808080808,368.0,42.777856883771236,18.551238425925927,1.6049382716049383,0.1697530864197531,0.0,0,13,96,22,22,2019-07-26 16:26:52+00:00,2022-07-19 00:52:15+00:00,2019-08-06 17:31:07+00:00,2022-05-31 16:13:50+00:00,74.22839506172839,54.166666666666664,1039.990949074074,True
10003,OPMONDEV,X-Road Metrics Development,187,187,0,0,159,471.0,5.064516129032258,0.0,,,2.7058823529411766,0.5294117647058824,0.0,0,0,53,21,21,,,,,85.02673796791443,0.0,,False
10003,ST,Sovrin Token,622,622,483,321,527,1075.0,3.4345047923322682,0.5,17.089749913464868,10.185416666666667,0.7813504823151125,0.26366559485530544,0.0,0,1,275,49,49,2017-10-27 05:01:00+00:00,2019-06-19 16:40:17+00:00,2018-03-13 02:47:00+00:00,2018-10-29 20:35:00+00:00,84.72668810289389,51.60771704180064,367.6486111111111,True
10003,UIREQ,ui-requests,1078,1078,875,810,1016,1236.5,1.7689556509298998,36.25,78.62947953818015,20.978929398148146,3.896103896103896,1.0213358070500929,0.0,0,23,2408,82,202,2017-07-08 12:50:53+00:00,2024-01-30 17:57:51+00:00,2017-07-17 11:56:31+00:00,2024-01-31 21:10:27+00:00,94.24860853432281,75.139146567718,2398.3469212962964,True
10004,AAI,Active and Available Inventory,4077,4077,3700,2313,3862,190.0,5.757575757575758,75.25,66.90622902355447,19.03505787037037,2.3473142016188375,0.4086337993622762,0.020358106450821683,83,10,2296,199,138,2017-03-07 13:27:57+00:00,2025-07-17 10:56:02+00:00,2017-04-21 12:17:59+00:00,2023-11-02 15:10:13+00:00,94.72651459406426,56.73289183222958,2431.0710185185185,True
10004,BP,Bereitschaftsplanung,791,791,0,1,770,674.0,4.884057971014493,0.0,,,1.6940581542351454,0.9443742098609356,0.0,0,0,21,3,4,,,2018-09-19 14:50:49+00:00,2018-09-19 14:50:49+00:00,97.34513274336283,0.12642225031605564,,False
10004,NEDS,Harmony eDelivery Access,216,216,0,0,196,302.0,3.5952380952380953,0.0,,,2.884259259259259,0.8333333333333334,0.0,0,0,150,29,29,,,,,90.74074074074075,0.0,,False
10004,PERF,perf-testing,1079,1079,705,555,825,1799.0,3.0388513513513513,0.0,68.92684081998665,22.160891203703702,2.5755329008341055,1.0481927710843373,0.0,0,0,1455,63,155,2020-03-27 13:40:16+00:00,2024-08-29 14:58:01+00:00,2020-04-08 13:27:49+00:00,2024-02-02 14:55:39+00:00,76.45968489341983,51.43651529193698,1407.0523495370371,True
10005,MAID,ARCHIVED - MaidSafe-Core,1612,1612,0,0,184,6368.0,5.306666666666667,0.0,,,4.03287841191067,1.4249379652605458,0.0,0,0,566,202,202,,,,,11.41439205955335,0.0,,False
10005,STSMACOM,stripes-smart-components,805,805,714,676,780,765.0,1.8301435406698565,109.0,72.41957946389437,17.621313657407406,3.396273291925466,0.822360248447205,0.0,0,74,1446,130,74,2017-08-30 19:43:37+00:00,2024-02-02 11:35:34+00:00,2017-09-07 19:43:54+00:00,2024-02-01 10:31:14+00:00,96.8944099378882,83.97515527950311,2345.616400462963,True
10006,DATASTD,Ed-Fi Data Standard,1699,1699,56,4,1594,970.5,2.013485477178423,66.016666662,,,4.257798705120659,2.983519717480871,0.028840494408475574,49,45,1758,34,34,2013-01-21 16:49:46+00:00,2024-05-02 15:14:18+00:00,2016-04-06 00:01:14+00:00,2024-07-31 17:36:09+00:00,93.81989405532666,0.23543260741612712,4209.032210648148,False
10006,MODKBEKBJ,mod-kb-ebsco-java,707,707,671,645,698,1492.0,2.546075085324232,0.0,78.28600529356876,21.08877314814815,3.6152758132956153,0.9717114568599717,0.0,0,0,1873,130,119,2018-09-11 20:17:00+00:00,2024-01-05 16:50:39+00:00,2018-10-08 11:11:14+00:00,2023-12-01 12:46:48+00:00,98.72701555869872,91.23055162659122,1906.6873611111112,True
10007,APPC,Application Controller,1896,1896,1896,1193,1889,25.0,0.2066115702479339,8.0,45.246259488218314,12.74537037037037,3.3591772151898733,0.54957805907173,0.0189873417721519,36,1,362,43,48,2017-03-04 00:46:48+00:00,2023-05-15 13:10:10+00:00,2017-04-11 10:00:48+00:00,2023-06-06 16:09:31+00:00,99.63080168776372,62.92194092827004,2285.640775462963,True
10007,INV,Inventory,598,598,0,0,529,573.0,1.2429501084598698,4911.866666663,,,2.5066889632107023,0.7876254180602007,0.0,0,604,287,0,0,,,,,88.46153846153845,0.0,,False
10007,MSEARCH,mod-search,933,933,585,505,857,1309.5,1.8841726618705037,0.0,40.63568873762376,22.115833333333335,4.509110396570204,0.9989281886387996,0.0,0,0,2821,135,67,2020-08-31 15:09:15+00:00,2024-02-01 14:36:45+00:00,2020-12-23 13:11:37+00:00,2024-01-31 16:56:25+00:00,91.85423365487674,54.12647374062165,1248.0744212962964,True
10007,SSTOOLKIT,Security Server Toolkit,138,138,0,1,125,434.0,3.5867768595041323,0.0,,,4.036231884057971,1.036231884057971,0.0,0,0,26,0,0,,,2021-07-21 11:06:11+00:00,2021-07-21 11:06:11+00:00,90.57971014492753,0.7246376811594203,,False
10008,SI,Störungsinformation,2587,2587,3,1,2560,767.0,5.1824324324324325,0.0,,,1.709702357943564,1.0007730962504833,0.0,0,0,68,2,2,2020-03-27 14:08:41+00:00,2020-07-27 09:18:17+00:00,2020-09-17 08:41:58+00:00,2020-09-17 08:41:58+00:00,98.9563200618477,0.038654812524159254,173.7731134259259,False
10008,UPLOAD,Tidepool Uploader - PUBLIC,1484,1484,2,0,789,1145.0,2.7524038461538463,126.18333333999999,,,2.6630727762803232,1.3106469002695418,0.0,0,17,938,29,29,2019-08-02 22:15:07+00:00,2020-07-17 16:06:36+00:00,,,53.16711590296496,0.0,,False
10009,CIRCSTORE,mod-circulation-storage,523,523,433,386,465,609.0,1.801775147928994,12.916666667,73.26946422558922,13.935682870370371,3.2963671128107075,0.8413001912045889,0.0,0,8,1314,204,92,2017-03-17 10:54:50+00:00,2024-01-31 14:38:54+00:00,2017-04-25 13:42:51+00:00,2024-09-02 07:31:38+00:00,88.91013384321224,73.80497131931166,2725.858888888889,True
10009,MOSIP,MOSIP,30649,30649,31,4,24471,2363.25,3.2153061224489794,125538.974999967,,,4.393096022708734,1.5238343828509902,0.002218669450879311,68,34688,15482,1564,1562,2020-03-26 12:23:25+00:00,2025-08-18 13:15:18+00:00,2020-04-01 06:28:05+00:00,2024-08-14 04:08:58+00:00,79.84273548892297,0.013050996769878299,1601.6566319444444,False
10009,XRDDEV,X-Road Development,2872,2872,2,1,2525,8274.0,4.568746548868028,0.0,,,3.1814066852367686,0.9843314763231198,0.0,0,0,2134,480,480,2019-08-24 12:15:23+00:00,2020-02-25 14:04:54+00:00,2019-12-02 11:24:03+00:00,2019-12-02 11:24:03+00:00,87.91782729805014,0.034818941504178275,99.96435185185184,False
10010,DAOS,DAOS,16220,16220,7561,4648,14907,51172.3,3.74230656720784,0.0,121.76409597858249,36.35599537037037,2.2516029593094946,0.8372379778051788,0.048890258939580766,793,0,11214,15,1213,2015-07-21 01:29:51+00:00,2025-07-10 05:17:54+00:00,2016-04-05 15:02:41+00:00,2025-05-09 16:16:07+00:00,91.90505548705302,28.65598027127004,3580.6154629629627,True
10011,AAF,Application Authorization Framework,1187,1187,1187,841,1164,301.0,3.1354166666666665,646.1,64.4693474754481,16.217418981481483,3.0657118786857622,0.44650379106992416,0.02695871946082561,32,148,300,58,35,2017-07-12 21:11:14+00:00,2023-08-21 13:11:24+00:00,2017-07-28 14:01:27+00:00,2023-08-21 13:11:24+00:00,98.06234203875316,70.8508845829823,2230.6667824074075,True
10011,UINV,ui-invoice,471,471,409,364,432,480.5,1.2164556962025317,0.0,48.46641620243183,18.861394675925926,4.934182590233545,2.6008492569002124,0.0,0,0,1169,50,71,2019-02-11 19:00:15+00:00,2025-05-19 14:52:46+00:00,2019-05-21 21:13:12+00:00,2024-02-02 19:03:47+00:00,91.71974522292994,77.2823779193206,1817.0024537037036,True
10012,MODEXPW,mod-data-export-worker,498,498,384,363,480,702.5,1.7218137254901962,0.0,44.82312952759922,18.965428240740742,4.759036144578313,1.357429718875502,0.0,0,0,1246,80,62,2021-01-13 16:44:03+00:00,2024-02-01 13:13:29+00:00,2021-03-17 09:16:39+00:00,2024-01-22 16:08:04+00:00,96.3855421686747,72.89156626506023,1103.9750115740742,True
10013,MODINREACH,mod-inn-reach,478,478,383,369,445,968.0,2.482051282051282,0.0,51.1783826094048,18.863368055555554,3.696652719665272,1.5753138075313808,0.0,0,0,875,44,28,2020-11-02 07:30:28+00:00,2024-01-17 07:27:25+00:00,2021-04-06 12:17:58+00:00,2024-01-19 21:40:00+00:00,93.09623430962343,77.19665271966527,1173.5899537037037,True
10016,MODDICORE,data-import-processing-core,380,380,314,291,349,685.5,1.98121387283237,0.0,44.28174561696576,16.78150462962963,4.276315789473684,1.1605263157894736,0.0,0,0,1617,198,179,2019-06-12 13:56:40+00:00,2023-12-18 10:35:58+00:00,2019-10-23 09:26:51+00:00,2024-01-31 21:08:18+00:00,91.84210526315789,76.57894736842105,1694.2997453703704,True
10017,MODORDSTOR,mod-orders-storage,388,388,311,279,359,463.0,1.4745222929936306,0.0,56.86627348002124,20.085775462962964,4.097938144329897,2.1391752577319587,0.0,0,0,1176,99,71,2018-08-08 16:54:29+00:00,2024-01-31 14:07:20+00:00,2018-09-05 15:41:48+00:00,2024-02-01 08:27:01+00:00,92.5257731958763,71.90721649484536,2002.6475925925927,True
10022,TECH,Technical Committee,958,958,3,0,637,714.0,1.7805486284289276,5736.25,,,3.7254697286012526,2.1127348643006263,0.0,0,2101,375,119,119,2023-01-09 09:28:45+00:00,2023-02-16 22:29:52+00:00,,,66.49269311064718,0.0,,False
10024,ALEC,Architecture for Learning Enabled Correlation (ALEC),279,279,0,0,195,179.0,3.5098039215686274,0.0,,,1.6702508960573477,0.4265232974910394,0.014336917562724014,4,0,73,0,4,,,,,69.89247311827957,0.0,,False
10024,USPSRFB,USPS-R Feedback,1803,1803,2,0,408,68.0,1.619047619047619,0.0,,,0.8646699944536883,0.02384914032168608,0.0011092623405435386,2,0,265,0,0,2021-10-15 18:35:48+00:00,2023-10-13 15:40:30+00:00,,,22.628951747088184,0.0,,False
10026,MODELINKS,mod-entities-links,283,283,170,147,262,461.5,1.9309623430962344,0.0,38.315661060720586,17.244305555555556,5.420494699646643,0.911660777385159,0.0,0,0,1141,37,42,2022-08-11 08:06:42+00:00,2024-02-01 14:49:40+00:00,2022-08-25 08:03:12+00:00,2024-02-02 17:34:17+00:00,92.57950530035336,51.9434628975265,540.3941550925925,True
10026,TOB,Stellungnahme TöB,525,525,0,0,499,330.0,2.7966101694915255,0.0,,,1.8342857142857143,0.878095238095238,0.0,0,0,106,16,16,,,,,95.04761904761905,0.0,,False
10027,KON,Kontaktstammdaten,638,638,0,0,622,266.0,3.8,0.0,,,1.6677115987460815,0.9764890282131662,0.0,0,0,0,0,0,,,,,97.4921630094044,0.0,,False
10031,MODFQMMGR,mod-fqm-manager,830,830,148,89,695,1058.0,1.5981873111782476,0.0,13.896898408239702,11.869502314814815,5.648192771084338,0.9481927710843373,0.0,0,0,2095,60,59,2023-08-29 03:00:05+00:00,2025-05-22 14:38:18+00:00,2023-08-29 04:07:47+00:00,2024-02-02 15:38:17+00:00,83.73493975903614,10.72289156626506,157.52652777777777,True
10033,MINC,In-Commerce,188,188,180,107,175,91.0,1.1666666666666667,18.833333334,182.29619537469713,102.8963888888889,1.9840425531914894,0.9148936170212766,0.005319148936170213,1,23,80,2,31,2009-05-18 16:38:47+00:00,2024-07-04 14:29:44+00:00,2009-10-03 12:35:31+00:00,2022-07-19 10:27:25+00:00,93.08510638297872,56.91489361702128,4809.742106481482,True
10035,CCSDK,Common Controller SDK,3988,3988,3862,2787,3649,168.0,4.9411764705882355,11.0,78.78069360556287,27.680995370370372,2.8525576730190574,0.44809428284854563,0.03911735205616851,156,2,1251,137,78,2017-05-26 17:59:11+00:00,2024-03-19 20:27:37+00:00,2017-07-24 13:45:27+00:00,2024-03-21 11:58:49+00:00,91.49949849548646,69.88465396188566,2490.7497453703704,True
10036,MGNLUI,Magnolia UI,7441,7441,7178,3013,6859,6788.0,3.626068376068376,14942.979166692,623.3541411829602,44.924618055555555,4.274828652062895,0.731353312726784,0.15105496573041258,1124,4177,6505,10,4,2006-10-23 16:45:11+00:00,2024-07-19 10:55:38+00:00,2012-10-28 16:26:46+00:00,2024-03-29 07:18:51+00:00,92.17847063566725,40.49186937239618,6366.606712962963,True
10037,ESS,Employee Self Service,1381,1381,0,0,1320,1325.5,1.1877240143369177,47.0,,,5.212889210716872,0.9949312092686459,0.015930485155684286,22,12,386,1,1,,,,,95.58291093410573,0.0,,False
10037,MAGNOLIA,Magnolia,7296,7296,7031,3098,6673,2982.0,3.6814814814814816,4735.55833335,599.8223471460082,30.959733796296298,3.1041666666666665,0.7687774122807017,0.15611293859649122,1139,1148,5626,1,4,2004-08-10 13:18:05+00:00,2024-07-16 12:54:21+00:00,2004-11-03 15:24:45+00:00,2024-03-27 10:41:56+00:00,91.4610745614035,42.46162280701755,7168.8915625,True
10038,DMAAP,Data Movement as a Platform,1866,1866,1864,1292,1818,856.0,4.28,5.083333333,69.40120890845374,14.943182870370372,2.463022508038585,0.3729903536977492,0.021436227224008574,40,2,944,119,94,2017-07-03 14:27:59+00:00,2024-02-17 20:50:39+00:00,2017-07-27 15:38:46+00:00,2023-10-09 18:59:23+00:00,97.42765273311898,69.2390139335477,2289.188472222222,True
10038,MEN,Mender,3831,3831,7,0,2730,14301.5,5.192992011619463,14.0,,,1.9916470895327592,0.8183241973375098,0.0,0,2,1938,575,575,2016-02-17 01:20:02+00:00,2021-09-21 14:25:59+00:00,,,71.26076742364917,0.0,,False
10039,CFE,CFEngine Community,4164,4164,2209,744,2329,1829.0,2.495225102319236,43.666666666,129.28182781578684,40.15623842592593,1.0706051873198847,0.3393371757925072,0.0,0,10,2146,48,48,2011-09-12 21:43:12+00:00,2016-08-25 14:38:58+00:00,2012-04-17 18:30:47+00:00,2018-04-24 16:05:59+00:00,55.931796349663784,17.86743515850144,2415.7658217592593,True
10041,HOLMES,Holmes,635,635,635,148,628,311.0,3.49438202247191,0.0,66.61330924674675,20.076516203703704,2.658267716535433,0.16535433070866143,0.04251968503937008,27,0,84,9,6,2017-06-29 00:57:44+00:00,2023-10-30 16:26:11+00:00,2017-11-07 06:21:54+00:00,2023-11-09 11:38:35+00:00,98.8976377952756,23.30708661417323,2324.4450347222223,True
10041,MGNLREST,Magnolia REST Framework,739,739,654,214,548,802.0,3.3983050847457625,3069.866666666,103.89881187262029,14.447118055555556,3.527740189445196,0.7537212449255751,0.04330175913396482,32,684,400,1,0,2013-05-06 12:02:01+00:00,2024-07-17 13:18:16+00:00,2013-10-28 15:22:39+00:00,2024-03-20 07:10:56+00:00,74.15426251691474,28.95805142083897,3970.797858796296,True
10046,MGNLTEST,Magnolia Test Framework,523,523,464,227,431,362.0,3.851063829787234,1364.733333336,91.4771933635177,24.960555555555555,3.095602294455067,0.7361376673040153,0.03824091778202677,20,496,297,0,0,2014-02-18 11:20:57+00:00,2024-07-03 12:15:18+00:00,2019-07-19 10:32:48+00:00,2024-07-12 03:21:31+00:00,82.40917782026769,43.40344168260038,3796.667060185185,True
10047,INP,In-Portal CMS,1836,1836,1789,510,1670,1230.0,1.221449851042701,846.983333301,316.6713832380174,93.60947337962963,1.8485838779956427,0.9558823529411765,0.0,0,637,1570,187,104,2009-05-15 07:14:36+00:00,2024-08-05 12:32:23+00:00,2009-11-13 19:46:57+00:00,2024-01-15 09:32:11+00:00,90.95860566448802,27.77777777777778,5358.095543981482,True
10050,MGNLDEMO,Magnolia Demo Projects,403,403,380,219,319,446.0,2.915032679738562,596.275000003,412.51880089421616,21.84255787037037,5.287841191066997,0.6203473945409429,0.23325062034739455,94,192,279,1,1,2014-10-10 07:55:11+00:00,2024-07-18 12:50:45+00:00,2015-04-23 10:44:27+00:00,2024-07-17 08:57:47+00:00,79.15632754342433,54.3424317617866,3568.043472222222,True
10050,MODDCB,mod-dcb,203,203,88,84,182,274.5,1.605263157894737,0.0,23.570977044753086,14.541880787037037,3.3842364532019706,1.4285714285714286,0.0,0,0,389,4,1,2023-07-24 10:24:21+00:00,2024-02-01 13:42:04+00:00,2023-08-25 05:38:11+00:00,2024-01-29 19:59:55+00:00,89.65517241379311,41.37931034482759,189.39969907407408,True
10056,DM,Data Management,50939,50939,41991,37505,39243,235836.891,6.303608130863604,3331.85833333,172.49102168743016,22.161053240740742,2.658572017511141,0.24815956339936002,0.0,0,371,41516,4442,4344,2014-03-04 09:37:43+00:00,2025-04-02 13:04:21+00:00,2014-03-08 00:40:28+00:00,2025-08-07 19:13:13+00:00,77.0392037535091,73.62727968746933,4174.399652777778,True
10058,MGNLCE,Community Edition,290,290,271,122,233,513.5,3.6161971830985915,569.416666666,183.3747356936855,13.880306712962962,4.537931034482758,0.6448275862068965,0.1310344827586207,38,177,238,0,0,2013-11-26 08:26:30+00:00,2024-07-16 08:32:57+00:00,2015-10-13 12:38:07+00:00,2024-06-25 14:34:12+00:00,80.3448275862069,42.06896551724138,3864.255347222222,True
10059,NPMCLI,Magnolia CLI,285,285,275,98,239,427.5,2.7403846153846154,235.0,219.20313078703705,21.53507523148148,3.9789473684210526,0.7684210526315789,0.07017543859649122,20,66,185,0,0,2016-04-05 14:50:44+00:00,2024-06-05 10:42:01+00:00,2016-04-05 16:32:05+00:00,2024-07-08 14:05:32+00:00,83.85964912280703,34.385964912280706,3015.968611111111,True
10060,MIFOS2X,Archive mifos 2.x,5913,5913,2513,0,4008,1001108.1,1022.582328907048,7990.233333372,,,2.9695585996955858,0.7659394554371723,0.1865381363098258,1103,1605,1389,0,0,2006-05-01 14:38:31+00:00,2010-02-19 20:31:10+00:00,,,67.78285134449517,0.0,,False
10061,CAP,Commissioning Activity Planning,1030,1030,976,727,765,168.0,2.4,0.0,168.00990170793216,47.959143518518516,1.429126213592233,0.23009708737864076,0.0,0,0,1395,25,51,2018-12-07 15:44:25+00:00,2024-02-27 21:01:48+00:00,2019-02-05 10:44:16+00:00,2024-02-08 16:30:58+00:00,74.27184466019418,70.58252427184466,1889.0323263888888,True
10061,CATTY,Catty,726,726,0,0,64,498.0,6.148148148148148,0.0,,,5.818181818181818,4.957300275482094,0.0,0,0,259,52,52,,,,,8.81542699724518,0.0,,False
10062,CATROID,Catroid,1475,1475,4,0,226,1452.0,4.551724137931035,0.0,,,5.999322033898305,6.088135593220339,0.0,0,0,717,108,103,2019-03-07 08:38:42+00:00,2022-01-25 06:14:17+00:00,,,15.322033898305085,0.0,,False
10063,STCC,Scratch To Catrobat Converter,290,290,0,1,29,65.0,5.416666666666667,0.0,,,6.541379310344827,4.213793103448276,0.0,0,0,66,8,8,,,2020-10-04 14:34:28+00:00,2020-10-04 14:34:28+00:00,10.0,0.3448275862068966,,False
10064,IDE,Catroid IDE,286,286,0,1,38,242.0,3.723076923076923,0.0,,,5.776223776223776,5.646853146853147,0.0,0,0,159,20,26,,,2024-04-11 11:25:40+00:00,2024-04-11 11:25:40+00:00,13.286713286713287,0.34965034965034963,,False
10068,PAINTROID,Paintroid,788,788,1,0,119,810.0,4.969325153374233,0.0,,,5.936548223350254,5.708121827411167,0.0,0,0,375,21,19,2022-11-10 09:33:26+00:00,2022-11-10 09:33:26+00:00,,,15.101522842639595,0.0,,False
10070,SHARE,Share Community Platform,587,587,2,1,73,571.0,5.767676767676767,0.0,,,6.2742759795570695,5.025553662691652,0.0,0,0,74,7,6,2020-06-07 06:51:55+00:00,2020-12-09 19:53:21+00:00,2020-03-27 08:04:24+00:00,2020-03-27 08:04:24+00:00,12.43611584327087,0.17035775127768313,-71.94966435185185,False
10071,OPG,OpenNMS Plugin for Grafana,489,489,0,0,395,292.0,3.65,13.5,,,2.3783231083844583,0.6952965235173824,0.07770961145194274,38,4,147,0,5,,,,,80.77709611451944,0.0,,False
10074,SP,System Performance,2571,2571,1224,996,2104,13069.3,10.608198051948051,200.0,112.59373666945841,52.100347222222226,2.5989887203422795,0.43912874367950216,0.0,0,2,1783,136,152,2020-04-23 18:26:03+00:00,2024-03-01 19:03:34+00:00,2020-11-11 22:14:55+00:00,2025-07-04 01:05:08+00:00,81.83586153247764,38.739789964994166,1897.2771412037036,True
10076,NAS,TrueNAS,25981,25981,1235,8,12837,2353.35,1.386770771950501,44096.550000019,134.56082175925926,69.96642361111111,2.518879180939918,1.2213540664331628,0.0,0,11446,6718,206,206,2013-07-30 12:05:49+00:00,2025-04-18 17:19:11+00:00,2019-02-11 18:09:53+00:00,2021-11-19 12:25:40+00:00,49.40918363419422,0.03079173241984527,3034.013784722222,True
10100,QCADOOMES,qcadoo MES modules,2408,2408,1,2,2404,283.0,4.042857142857143,7287.991666641,,,3.520764119601329,2.030730897009967,0.13164451827242524,317,3706,777,37,62,2022-09-12 09:16:23+00:00,2022-09-12 09:16:23+00:00,2016-04-05 13:27:12+00:00,2018-05-07 09:45:14+00:00,99.83388704318938,0.08305647840531562,-1588.9799652777779,False
10101,SCHEM,Schema,7353,7353,9,6,6954,22997.25,6.37219451371571,60.0,,,2.342717258261934,0.7194342445260438,0.0,0,7,1515,47,46,2017-08-11 15:30:56+00:00,2025-01-21 19:01:25+00:00,2017-09-05 16:03:41+00:00,2023-09-05 17:20:21+00:00,94.57364341085271,0.08159934720522236,2216.0759837962964,False
10103,PRD,Pentaho Reporting and Pentaho Report Designer,1142,1142,1138,57,379,60.0,0.12121212121212122,0.0,682.7279528102664,165.8421875,1.541155866900175,1.8992994746059544,0.10507880910683012,120,0,233,0,1,2006-06-07 17:05:30+00:00,2022-10-13 12:47:35+00:00,2010-11-19 14:11:13+00:00,2021-11-08 15:46:35+00:00,33.18739054290718,4.99124343257443,5632.9451967592595,True
10109,LIBS,Web Apps: Libraries,772,772,1,1,386,436.5,0.6613636363636364,0.0,,,2.305699481865285,0.5790155440414507,0.0025906735751295338,2,0,407,70,28,2023-02-28 14:24:11+00:00,2023-02-28 14:24:11+00:00,2024-06-24 17:25:02+00:00,2024-06-24 17:25:02+00:00,50.0,0.1295336787564767,482.1255902777778,False
10112,NMS,OpenNMS,15735,15735,5573,2689,12165,2861.25,3.4681818181818183,174.83333333299998,681.9464471772359,143.7206886574074,1.5097553225293932,0.6017159199237369,0.042198919605973946,664,26,4924,13,1187,2000-09-20 09:18:37+00:00,2022-11-08 21:53:37+00:00,2004-04-04 13:53:43+00:00,2022-06-06 20:29:37+00:00,77.3117254528122,17.089291388624087,7929.465972222222,True
10115,SONARIAC,SonarIac,2132,2132,4,0,1722,2782.0,6.337129840546697,0.0,,,5.130863039399625,2.7143527204502815,0.037054409005628515,79,0,837,181,182,2024-02-05 14:44:20+00:00,2024-09-19 15:34:16+00:00,,,80.76923076923077,0.0,,False
10120,PDI,Pentaho Data Integration - Kettle,6264,6264,6222,647,3004,1976.0,0.4988639232517041,103.5,284.8473136520408,84.91300925925925,2.2878352490421454,2.338920817369093,0.18167305236270753,1138,12,2336,0,7,2007-08-20 12:59:06+00:00,2023-02-02 17:59:21+00:00,2007-11-10 14:47:56+00:00,2023-02-01 14:38:07+00:00,47.956577266922096,10.328863346104725,5644.068761574074,True
10124,ANDROAPP,Android App for DHIS2,6548,6548,8,4,5419,13378.5,3.330470500373413,105.566666662,,,7.167226634086744,3.106139279169212,0.028863775198533902,189,34,7010,461,764,2017-03-09 12:19:45+00:00,2021-05-18 04:21:18+00:00,2017-04-19 21:50:41+00:00,2021-03-31 16:16:40+00:00,82.75809407452658,0.061087354917532075,1483.164525462963,False
10124,SONARPHP,SonarPHP,1616,1616,921,488,1331,685.0,7.287234042553192,0.0,105.49823609213722,15.017552083333332,5.126237623762377,2.946163366336634,0.20853960396039603,337,0,693,17,16,2008-07-02 04:54:13+00:00,2023-04-18 15:37:28+00:00,2010-04-17 09:42:39+00:00,2020-05-19 16:16:15+00:00,82.36386138613861,30.198019801980198,4339.47363425926,True
10126,DHIS2,DHIS 2 Software,18111,18111,97,7,14482,6823.8,0.6183218557448351,22.716666667000002,,,4.273314560212026,1.5876539119871902,0.031030865220032025,562,11,12190,1172,1098,2015-10-07 12:25:31+00:00,2025-03-05 13:18:41+00:00,2017-08-22 20:26:43+00:00,2023-05-15 11:21:06+00:00,79.962453757385,0.03865054386836729,2776.9552662037036,True
10131,UIU,ui-users,2744,2744,2428,2189,2537,2530.0,2.1153846153846154,404.333333334,127.62957162172455,33.02117476851852,3.798469387755102,1.2798833819241981,0.0,0,366,6056,421,697,2016-09-12 07:16:02+00:00,2024-02-02 11:07:57+00:00,2017-05-23 15:11:47+00:00,2024-07-29 17:00:28+00:00,92.45626822157435,79.77405247813411,2877.4058564814814,True
10132,UIIN,ui-inventory,2830,2830,2299,2016,2506,3104.6,2.0384766907419567,502.67,161.9252209006191,39.24784722222222,4.291166077738516,1.0537102473498232,0.0,0,491,8300,333,690,2017-07-14 11:38:32+00:00,2024-02-02 11:10:14+00:00,2017-09-07 13:35:17+00:00,2024-02-02 22:05:02+00:00,88.55123674911661,71.23674911660778,2394.4350694444443,True
10133,CIRC,mod-circulation,1992,1992,1665,1522,1807,3338.0,2.5539403213465954,67.0,86.98583497590889,17.047216435185184,3.7113453815261046,1.0647590361445782,0.0,0,24,5219,602,545,2017-04-10 11:06:02+00:00,2025-07-23 08:39:35+00:00,2017-04-10 13:57:38+00:00,2024-02-02 14:53:37+00:00,90.71285140562249,76.40562248995984,2489.1580439814816,True
10134,UIDATIMP,ui-data-import,1377,1377,1255,1190,1303,2264.5,1.8965661641541038,0.0,57.06156922639629,21.22515046296296,4.5773420479302835,1.2120551924473493,0.0,0,0,4260,301,431,2018-08-27 15:40:01+00:00,2024-01-31 12:44:17+00:00,2018-09-28 17:48:21+00:00,2024-04-19 09:42:00+00:00,94.62599854756718,86.41975308641975,2061.751377314815,True
10135,INJIMOB,Inji Mobile,2075,2075,1,0,1304,1108.0,2.2027833001988073,861.11666667,,,5.581686746987952,2.303132530120482,0.0,0,139,1341,70,78,2024-03-13 13:21:01+00:00,2024-03-13 13:21:01+00:00,,,62.8433734939759,0.0,,False
10135,UIEH,ui-eholdings,1310,1310,1252,1212,1288,2506.0,2.651851851851852,2.0,86.31211315662816,24.123125,3.4190839694656487,1.0549618320610687,0.0,0,2,1869,12,26,2017-07-26 22:10:03+00:00,2024-01-09 14:05:07+00:00,2017-08-28 15:40:20+00:00,2024-01-08 20:01:59+00:00,98.3206106870229,92.51908396946565,2356.911064814815,True
10136,ES,eSignet,2006,2006,1,1,1367,145.0,3.5365853658536586,1447.39999999,,,4.737786640079761,1.848454636091725,0.0,0,453,1505,42,32,2024-09-02 07:30:46+00:00,2024-09-02 07:30:46+00:00,2024-07-19 12:53:49+00:00,2024-07-19 12:53:49+00:00,68.14556331006979,0.049850448654037885,-44.77565972222222,False
10136,RANCHER,rancher,2369,2369,1169,1052,2183,3928.3,1.8922447013487478,0.0,32.77852998257288,9.742575231481482,2.8796960742929505,0.8493035035880118,0.0,0,0,2016,378,220,2020-08-21 17:08:41+00:00,2024-04-11 08:43:32+00:00,2021-04-16 07:12:01+00:00,2024-02-02 20:14:47+00:00,92.14858590122415,44.406922752216126,1260.1292361111111,True
10137,BISERVER,Pentaho BA Platform,2351,2351,2349,285,932,685.0,0.44829842931937175,0.0,326.39480535250163,72.78201388888888,2.1050616758826033,2.4691620586984264,0.1407911527009783,331,0,797,0,13,2005-05-13 00:09:21+00:00,2023-01-23 21:42:44+00:00,2007-11-13 00:29:16+00:00,2023-02-01 11:52:30+00:00,39.64270523181625,12.122501063377285,6473.4882986111115,True
10137,OKAPI,Okapi,1177,1177,1138,1028,1065,541.0,1.762214983713355,1694.733333331,93.25950160550872,6.203373842592592,2.0169923534409517,0.5700934579439252,0.1427357689039932,168,822,1453,171,60,2016-01-06 14:13:56+00:00,2024-01-16 14:37:22+00:00,2016-08-16 18:40:47+00:00,2024-01-24 15:05:39+00:00,90.48428207306712,87.34069668649109,2940.0359143518517,True
10138,STCOM,stripes-components,1239,1239,1087,1018,1183,647.0,1.9142011834319526,81.25,121.00729189405516,24.976828703703703,2.8337368845843423,0.831315577078289,0.0,0,82,1908,194,68,2016-09-23 09:11:19+00:00,2024-01-30 14:09:43+00:00,2017-06-21 19:45:52+00:00,2024-01-31 16:55:39+00:00,95.48022598870057,82.16303470540758,2686.3224537037036,True
10139,MODINVSTOR,mod-inventory-storage,1243,1243,1018,911,1121,1507.0,2.2526158445440956,379.75,118.59324367554986,17.67533564814815,3.3563958165728076,0.8897827835880934,0.0,0,161,3932,680,277,2017-04-26 09:41:53+00:00,2024-02-01 08:44:44+00:00,2017-05-08 10:34:40+00:00,2024-02-02 09:43:02+00:00,90.18503620273532,73.29042638777152,2473.000798611111,True
10140,CONN,CONNECT,2027,2027,104,9,1994,2130.5,1.8542210617928634,2572.216666661,8.686899801587302,0.001863425925925926,2.705476073014307,1.0152935372471632,0.12777503700049334,259,465,1300,0,0,2011-11-07 02:38:47+00:00,2013-02-15 17:10:18+00:00,2012-05-17 15:07:11+00:00,2017-10-04 18:29:45+00:00,98.37197829304391,0.4440059200789344,2158.6603935185185,True
10140,RMB,RAML Module Builder,978,978,943,811,834,813.0,1.835214446952596,92.08333333,132.66113946830617,7.483206018518518,2.1155419222903884,0.5572597137014315,0.002044989775051125,2,50,2442,498,197,2016-08-29 11:56:10+00:00,2023-12-21 13:16:07+00:00,2017-03-06 14:22:24+00:00,2024-01-24 14:13:41+00:00,85.2760736196319,82.92433537832311,2704.0954976851854,True
10141,MODSOURMAN,mod-source-record-manager,1097,1097,912,861,1024,1800.5,1.9318669527896997,0.0,49.80055534047404,14.379328703703704,4.056517775752051,1.072014585232452,0.0,0,0,3448,401,374,2018-09-28 13:58:47+00:00,2024-02-01 12:21:04+00:00,2018-10-22 14:14:28+00:00,2024-02-01 12:11:45+00:00,93.34548769371011,78.48678213309024,1951.9256712962963,True
10142,INJIWEB,Inji Web,684,684,0,0,449,301.0,2.0616438356164384,222.25,,,4.476608187134503,1.3494152046783625,0.0,0,51,288,3,4,,,,,65.64327485380117,0.0,,False
10142,UICIRC,ui-circulation,995,995,845,781,918,1269.0,1.8997005988023952,14.5,88.41407386660028,30.832997685185184,3.6381909547738696,1.1698492462311558,0.0,0,17,2668,70,128,2017-04-06 13:16:00+00:00,2025-04-14 19:03:23+00:00,2017-08-22 10:29:33+00:00,2024-01-25 13:29:19+00:00,92.26130653266331,78.49246231155779,2485.009247685185,True
10143,MODORDERS,mod-orders,1048,1048,791,720,964,1588.0,1.782267115600449,0.0,60.45028610468107,20.116626157407406,4.491412213740458,2.480916030534351,0.0,0,0,3638,229,228,2017-10-11 16:08:10+00:00,2024-02-02 09:24:04+00:00,2018-05-22 20:37:07+00:00,2024-02-02 21:58:37+00:00,91.98473282442748,68.70229007633588,2305.2433680555555,True
10144,INJIVER,Inji Verify,643,643,0,0,383,197.0,1.8761904761904762,117.0,,,4.846034214618974,1.8678071539657854,0.0,0,29,483,1,5,,,,,59.56454121306376,0.0,,False
10144,MODINV,mod-inventory,979,979,740,672,899,1340.0,1.8662952646239555,47.75,59.66210026386133,15.084282407407407,3.9182839632277835,0.958120531154239,0.0010214504596527069,1,36,2947,417,296,2017-01-25 07:46:10+00:00,2024-02-01 23:43:28+00:00,2017-05-05 12:20:44+00:00,2024-02-02 06:46:08+00:00,91.82839632277835,68.6414708886619,2563.9583101851854,True
10144,ZBXNEXT,ZABBIX FEATURE REQUESTS,9146,9146,9146,2706,4460,8913.525,4.779369973190349,7736.166666699,543.033215680689,84.16017939814814,5.185764268532692,3.418106275967636,0.1822654712442598,1667,1925,4963,0,0,2007-08-30 07:27:20+00:00,2025-09-01 13:08:30+00:00,2009-08-20 23:08:23+00:00,2025-09-02 06:17:02+00:00,48.764487207522414,29.586704570303958,6577.951180555556,True
10145,INJICERT,Inji Certify,574,574,0,0,243,149.0,1.8170731707317074,111.0,,,3.710801393728223,1.1794425087108014,0.0,0,60,309,15,12,,,,,42.33449477351917,0.0,,False
10145,STRIPES,Stripes,796,796,730,685,727,167.0,1.941860465116279,2208.916666677,175.90996414571507,14.929247685185185,1.7726130653266332,0.7474874371859297,0.02763819095477387,22,1073,1768,298,277,2015-11-14 02:06:00+00:00,2024-01-04 16:36:57+00:00,2016-09-22 09:14:45+00:00,2024-01-25 20:16:09+00:00,91.33165829145729,86.05527638190955,2994.7570486111113,True
10146,STCOR,stripes-core,853,853,699,628,786,579.5,1.8280757097791798,331.25,105.44470371844776,12.02953125,2.675263774912075,0.779601406799531,0.0,0,223,1357,162,81,2015-11-14 02:20:00+00:00,2024-01-31 21:31:58+00:00,2017-06-14 23:06:14+00:00,2024-02-02 14:56:59+00:00,92.1453692848769,73.62250879249707,3002.5256828703705,True
10147,MODDATAIMP,mod-data-import,825,825,680,630,770,1262.0,1.8977443609022557,0.0,45.12971812536743,15.058859953703704,3.192727272727273,0.9296969696969697,0.0,0,0,2224,155,202,2018-08-15 12:27:09+00:00,2024-02-02 12:20:59+00:00,2018-09-11 08:52:45+00:00,2024-02-02 11:30:27+00:00,93.33333333333333,76.36363636363637,1996.960625,True
10148,MODSOURCE,mod-source-record-storage,756,756,592,561,710,1230.0,1.8303571428571428,0.0,37.86209445352215,13.024837962962962,4.186507936507937,1.0304232804232805,0.0,0,0,2507,331,282,2018-09-24 08:56:20+00:00,2024-02-01 13:04:29+00:00,2018-10-11 14:01:24+00:00,2024-02-01 12:11:07+00:00,93.91534391534393,74.20634920634922,1956.1352662037036,True
10149,MDEXP,mod-data-export,705,705,582,523,658,1049.0,2.0095785440613025,0.0,83.03140403274443,22.49256944444444,3.971631205673759,1.0723404255319149,0.0,0,0,1546,51,47,2019-10-23 20:10:05+00:00,2024-02-01 10:32:06+00:00,2020-01-15 15:37:19+00:00,2024-04-03 11:47:06+00:00,93.33333333333333,74.18439716312056,1623.6507060185186,True
10150,UIQM,ui-quick-marc,599,599,474,425,564,656.0,1.312,0.0,49.89439866557734,16.729155092592592,5.681135225375626,1.1752921535893155,0.0,0,0,2749,55,72,2019-09-25 05:57:26+00:00,2024-02-01 19:56:48+00:00,2020-03-17 12:50:13+00:00,2024-02-02 16:42:14+00:00,94.15692821368948,70.95158597662771,1591.4477777777777,True
10151,MODOAIPMH,mod-oai-pmh,508,508,456,426,480,948.0,2.37,0.0,94.95019939467049,20.054722222222225,3.9192913385826773,1.2834645669291338,0.0,0,0,1121,61,82,2018-09-28 17:19:36+00:00,2024-01-25 18:09:00+00:00,2018-10-10 12:19:21+00:00,2024-01-22 06:04:18+00:00,94.48818897637796,83.85826771653542,1941.5310416666666,True
10152,UICHKOUT,ui-checkout,502,502,445,418,467,484.0,1.7925925925925925,34.5,78.57024945175439,25.026666666666664,3.5119521912350598,1.0079681274900398,0.0,0,32,1001,45,125,2017-06-22 15:18:28+00:00,2024-01-30 17:57:25+00:00,2017-08-28 21:33:30+00:00,2023-12-18 10:01:18+00:00,93.02788844621513,83.26693227091634,2369.77974537037,True
10154,UIF,ui-finance,521,521,426,391,473,526.5,1.274818401937046,0.0,65.96487940466041,23.996064814814815,4.506717850287908,2.497120921305182,0.0,0,0,1270,37,62,2018-05-22 20:17:21+00:00,2024-02-02 17:09:15+00:00,2018-09-20 18:41:08+00:00,2024-02-01 15:29:52+00:00,90.7869481765835,75.04798464491363,2080.800358796296,True
10155,MODINVOICE,mod-invoice,483,483,417,387,447,611.5,1.5325814536340852,0.0,64.15626181333141,24.29380787037037,4.3271221532091095,2.4782608695652173,0.0,0,0,2009,163,133,2019-01-31 17:12:11+00:00,2024-01-24 20:33:54+00:00,2019-02-22 14:10:25+00:00,2024-02-01 06:49:03+00:00,92.54658385093167,80.12422360248446,1826.5672685185186,True
10156,BF,Bug Fest,919,919,389,380,888,740.0,1.264957264957265,0.0,27.838470756376427,6.976087962962963,2.5070729053318823,1.2393906420021763,0.0,0,0,916,74,65,2018-08-22 10:51:45+00:00,2024-01-04 14:35:58+00:00,2019-01-08 16:37:23+00:00,2025-03-24 09:15:36+00:00,96.62676822633297,41.34929270946681,2405.9332291666665,True
10157,MODFISTO,mod-finance-storage,437,437,377,358,419,548.5,1.5151933701657458,0.0,69.94778573091249,25.06837962962963,4.329519450800915,2.551487414187643,0.0,0,0,1381,115,95,2018-09-19 07:45:58+00:00,2024-02-02 18:02:19+00:00,2018-12-10 17:27:10+00:00,2024-02-01 18:44:07+00:00,95.88100686498856,81.92219679633868,1961.457048611111,True
10158,MODUSERS,mod-users,448,448,359,322,408,450.0,1.9230769230769231,255.0,155.9576098458707,16.087546296296296,2.765625,0.8995535714285714,0.006696428571428571,3,124,867,103,133,2016-11-08 14:20:13+00:00,2024-02-02 12:11:25+00:00,2017-05-11 16:13:24+00:00,2024-02-02 18:38:12+00:00,91.07142857142857,71.875,2642.1791550925927,True
10159,UIBULKED,ui-bulk-edit,585,585,340,299,509,817.5,1.7505353319057815,0.0,54.460761566332216,33.965127314814815,5.0,1.5145299145299145,0.0,0,0,1491,31,48,2021-09-02 21:55:03+00:00,2024-02-02 12:13:44+00:00,2021-10-05 12:39:45+00:00,2024-02-02 22:30:45+00:00,87.00854700854701,51.11111111111111,883.0247916666667,True
10162,MODQM,mod-quick-marc,355,355,301,274,332,535.0,2.011278195488722,0.0,32.282885915112196,15.863003472222221,4.24225352112676,1.1014084507042254,0.0,0,0,1083,51,41,2020-03-08 09:29:18+00:00,2024-02-01 15:11:37+00:00,2020-03-20 07:09:59+00:00,2024-01-31 02:32:01+00:00,93.52112676056338,77.1830985915493,1423.7102199074075,True
10172,MODLD,mod-linked-data,798,798,219,138,643,1212.0,2.3625730994152048,0.0,23.6033599707244,16.21653935185185,3.8045112781954886,1.6591478696741855,0.0,0,0,1224,64,55,2023-04-10 13:00:02+00:00,2024-02-02 21:10:16+00:00,2023-05-11 15:11:55+00:00,2025-03-10 17:24:30+00:00,80.57644110275689,17.293233082706767,700.1836574074074,True
10176,UILD,ui-ld-folio-wrapper,586,586,181,120,462,740.0,2.1637426900584797,0.0,24.0736199845679,15.080978009259258,4.035836177474403,1.757679180887372,0.0,0,0,875,5,42,2023-04-19 13:51:21+00:00,2024-02-01 23:13:26+00:00,2023-05-23 09:20:13+00:00,2024-01-25 16:49:36+00:00,78.839590443686,20.477815699658702,281.12378472222224,True
10178,MODBULKOPS,mod-bulk-operations,440,440,172,126,364,621.5,1.906441717791411,0.0,56.65536109273956,33.642366898148154,4.593181818181818,1.4545454545454546,0.0,0,0,1150,28,45,2022-08-01 10:59:41+00:00,2024-01-25 15:21:01+00:00,2022-11-21 17:46:37+00:00,2024-02-02 21:35:39+00:00,82.72727272727273,28.636363636363637,550.4416435185185,True
10196,MGNLDAM,Magnolia DAM Module,1529,1529,1122,490,1308,923.0,2.8487654320987654,1714.4666666599999,411.9047218679138,20.329953703703705,3.949640287769784,0.6631785480706344,0.1353826030085023,207,507,1179,5,14,2012-10-16 09:46:03+00:00,2024-07-19 15:40:51+00:00,2012-10-31 08:24:14+00:00,2024-03-28 16:40:34+00:00,85.5461085676913,32.04708960104644,4181.287858796296,True
10197,PAGES,Magnolia pages module,1093,1093,983,321,920,1283.5,3.048693586698337,4334.849999996,264.39016308266986,29.242118055555554,3.9240622140896613,0.7904849039341263,0.08600182982616651,94,1071,851,0,2,2013-02-22 13:28:29+00:00,2024-07-19 14:24:45+00:00,2014-12-03 12:16:55+00:00,2024-03-27 16:20:43+00:00,84.17200365965233,29.368709972552608,4051.1196064814817,True
10199,BUILD,Build,1093,1093,908,300,944,240.0,2.1621621621621623,812.73333333,128.8421331404321,7.552256944444444,3.0027447392497715,0.6212259835315646,0.04574565416285453,50,200,625,2,1,2008-07-13 22:24:46+00:00,2025-06-03 06:20:06+00:00,2009-03-16 15:14:39+00:00,2024-03-27 10:12:00+00:00,86.36779505946936,27.44739249771272,5735.4911342592595,True
10201,ARCH,Archived Tasks,938,938,15,1,0,1329.0,8.203703703703704,0.0,,,4.915778251599147,2.6535181236673773,0.0,0,0,464,183,183,2014-06-10 23:03:18+00:00,2014-08-21 14:14:38+00:00,2015-07-27 10:26:43+00:00,2015-07-27 10:26:43+00:00,0.0,0.10660980810234541,411.4745949074074,False
10201,DDF,DDF,4450,4450,5,4,3633,608.0,3.2688172043010755,225695.5,,,1.2820224719101123,0.31573033707865167,0.012359550561797753,55,12,614,74,57,2014-07-16 23:38:41+00:00,2018-03-26 16:10:57+00:00,2015-01-29 09:42:11+00:00,2019-03-05 00:30:17+00:00,81.64044943820224,0.0898876404494382,1692.0358333333334,False
10201,MGNLFE,Magnolia Frontend Helpers,690,690,619,201,557,633.5,2.337638376383764,3503.16666667,46.8661894232541,10.870289351851852,3.1,0.8246376811594203,0.010144927536231883,7,608,375,0,0,2019-07-30 13:10:03+00:00,2024-07-09 12:41:27+00:00,2019-11-18 11:58:17+00:00,2024-01-15 11:23:53+00:00,80.72463768115942,29.130434782608695,1629.926273148148,True
10206,ADMINCTR,Admincentral,381,381,325,47,275,216.0,1.9636363636363636,647.966666659,71.0321259357762,12.15929398148148,3.2467191601049867,0.863517060367454,0.03412073490813648,13,216,190,1,0,2021-08-27 09:56:25+00:00,2024-07-21 11:38:00+00:00,2022-11-02 06:42:54+00:00,2024-03-13 09:09:11+00:00,72.17847769028872,12.335958005249344,928.9671990740741,True
10208,MGNLRES,Magnolia Resources Module,353,353,339,176,340,338.0,3.414141414141414,639.883333336,317.16205577914565,17.02648726851852,5.719546742209632,0.6543909348441926,0.35410764872521244,125,229,290,0,0,2008-09-24 18:03:05+00:00,2024-06-13 10:38:34+00:00,2008-10-15 08:01:25+00:00,2024-06-18 06:21:40+00:00,96.3172804532578,49.858356940509914,5745.5129050925925,True
10209,MGNLFORM,Magnolia Form Module,345,345,337,174,308,117.5,3.0128205128205128,263.65,766.8547546163261,34.949253472222225,3.6869565217391305,0.6666666666666666,0.1826086956521739,63,96,186,0,0,2008-11-07 19:46:22+00:00,2024-07-12 09:09:09+00:00,2009-05-25 13:25:36+00:00,2024-07-05 11:55:37+00:00,89.27536231884058,50.43478260869565,5718.673090277778,True
10212,DNN,DNN Platform,10060,10060,3078,1480,9288,5609.6,2.1625289128758673,17.733333335,51.20973160364356,16.691319444444446,2.9127236580516898,2.721769383697813,0.17365805168986084,1747,12,3766,149,149,2012-01-03 00:39:00+00:00,2017-10-24 06:30:25+00:00,2012-03-12 15:48:00+00:00,2016-06-14 20:53:13+00:00,92.32604373757455,14.7117296222664,1624.8432060185185,True
10216,PUBLISHING,Publishing,274,274,219,72,235,347.5,3.582474226804124,205.03333333400002,110.72416264789095,8.963871527777778,4.153284671532846,0.8978102189781022,0.07664233576642336,21,55,177,1,0,2016-07-25 14:09:23+00:00,2024-07-18 14:39:43+00:00,2017-02-13 07:59:14+00:00,2024-03-26 11:48:10+00:00,85.76642335766424,26.277372262773724,2800.9019328703703,True
10225,MGNLPER,Periscope,334,334,173,56,297,705.5,3.2662037037037037,415.249999994,90.1029970651455,20.205972222222222,4.3532934131736525,0.9101796407185628,0.03293413173652695,11,96,301,7,3,2018-02-12 13:12:37+00:00,2024-07-08 06:43:14+00:00,2018-02-26 08:20:05+00:00,2024-02-02 07:46:13+00:00,88.92215568862275,16.766467065868262,2180.7733333333335,True
10290,FOLIO,FOLIO,3525,3525,3208,2610,2903,1531.5,2.2655325443786984,4161.91972221,113.3491019600954,13.208784722222223,1.8853900709219857,0.6278014184397163,0.003971631205673759,14,2333,6537,834,1094,2016-08-24 18:51:51+00:00,2024-02-02 13:14:20+00:00,2016-08-31 22:22:43+00:00,2024-11-05 13:30:38+00:00,82.35460992907801,74.04255319148936,2994.7769328703703,True
10296,EUREKA,EUREKA,535,535,4,0,461,257.0,1.0,0.0,,,3.1383177570093457,0.719626168224299,0.0,0,0,1058,27,71,2023-12-31 13:47:47+00:00,2025-04-14 12:46:12+00:00,,,86.16822429906541,0.0,,False
10300,FINANDOLD,[ARCHIVE] Fintoo Mobile Android OLD,1444,1444,1,1,1358,1423.0,4.590322580645161,1864.133333366,,,3.1738227146814406,2.5117728531855956,0.0,0,587,463,97,97,2019-06-28 02:36:38+00:00,2019-06-28 02:36:38+00:00,2019-06-07 13:20:01+00:00,2019-06-07 13:20:01+00:00,94.04432132963989,0.06925207756232687,-20.55320601851852,False
10302,MM,Mattermost,51169,51169,49,27,48215,41906.5,3.8762834150402368,164.25,,,3.5037425003420037,1.0587465066739628,0.05591275967871172,2861,53,13868,1166,1166,2016-06-13 21:29:13+00:00,2025-04-21 16:04:02+00:00,2016-04-07 18:30:49+00:00,2025-05-23 16:54:17+00:00,94.22697336277824,0.05276632335984679,3265.809074074074,True
10322,LIB,dcm4che3,454,454,1,0,454,268.0,3.308641975308642,0.0,,,1.3171806167400881,0.11233480176211454,0.05066079295154185,23,0,130,0,0,2014-03-14 13:22:51+00:00,2014-03-14 13:22:51+00:00,,,100.0,0.0,,False
10400,BAH,Bahmni,4022,4022,2,3,2441,368.0,2.2576687116564416,14.501666667,,,3.5870213823968173,1.0773247140726008,0.0,0,8,864,69,69,2019-10-10 10:33:12+00:00,2024-01-22 10:06:36+00:00,2021-10-06 16:31:56+00:00,2024-06-18 05:17:03+00:00,60.691198408751866,0.07458975634012929,1712.7804513888889,False
10400,FINIOSOLD,[ARCHIVE] Fintoo Mobile iOS OLD,947,947,2,2,899,1017.0,3.7806691449814127,60.516666668,,,3.359028511087645,2.9208025343189017,0.0,0,91,361,115,115,2018-10-12 13:21:06+00:00,2019-04-17 12:41:12+00:00,2018-04-04 13:27:49+00:00,2018-10-22 11:32:23+00:00,94.93136219640972,0.21119324181626187,9.924502314814815,False
10402,AWS,Advisory Web Scrum,2616,2616,4,3,2435,4254.0,2.629171817058096,12.0,,,4.572247706422019,6.547018348623853,0.0,0,3,892,109,109,2020-08-06 06:22:58+00:00,2023-10-09 07:13:31+00:00,2022-02-14 09:52:37+00:00,2023-08-18 09:32:53+00:00,93.08103975535168,0.11467889908256881,1107.131886574074,False
10403,MS,Mobile Scrum,3569,3569,1,3,3478,6393.0,2.1467427803895234,27.5,,,4.721490613617259,5.585037825721491,0.0,0,5,1121,12,12,2022-08-10 11:39:17+00:00,2022-08-10 11:39:17+00:00,2021-11-26 09:40:08+00:00,2023-11-08 06:48:37+00:00,97.45026618100309,0.08405715886803025,454.79814814814813,False
10411,CWS,CRM Web Scrum,415,415,0,1,390,1075.0,2.9532967032967035,48.0,,,5.021686746987951,6.072289156626506,0.0,0,5,85,3,3,,,2022-11-07 07:45:00+00:00,2022-11-07 07:45:00+00:00,93.97590361445783,0.24096385542168677,,False
10423,CHWS,Chatbot Web Scrum,585,585,1,1,581,2208.0,3.7743589743589743,669.966666667,,,5.138461538461539,5.9162393162393165,0.0,0,101,342,10,10,2023-08-25 04:18:14+00:00,2023-08-25 04:18:14+00:00,2023-03-17 12:55:37+00:00,2023-03-17 12:55:37+00:00,99.31623931623932,0.17094017094017094,-160.64070601851853,False
10425,DWS,Distribution Web Scrum,869,869,0,0,771,2948.0,3.392405063291139,0.0,,,4.933256616800921,8.324510932105868,0.0,0,0,423,122,130,,,,,88.72266973532797,0.0,,False
10429,DWK,Distribution Web Kanban,963,963,1,1,881,2602.0,2.7019730010384215,0.0,,,5.257528556593977,6.898234683281412,0.0,0,0,185,43,35,2023-06-30 07:26:13+00:00,2023-06-30 07:26:13+00:00,2023-11-01 04:46:14+00:00,2023-11-01 04:46:14+00:00,91.48494288681205,0.10384215991692627,123.88890046296297,False
10430,CWK,CRM Web Kanban,341,341,1,1,338,1294.0,3.7947214076246336,0.0,,,8.090909090909092,7.885630498533724,0.0,0,0,241,7,7,2023-07-05 14:16:24+00:00,2023-07-05 14:16:24+00:00,2023-08-14 06:48:22+00:00,2023-08-14 06:48:22+00:00,99.12023460410558,0.2932551319648094,39.68886574074074,False
10437,AWKN,Advisory Web Kanban 1,436,436,1,0,378,1039.0,2.38302752293578,0.0,,,5.64908256880734,6.064220183486238,0.0,0,0,10,1,1,2023-06-16 09:32:37+00:00,2023-06-16 09:32:37+00:00,,,86.69724770642202,0.0,,False
10503,EC,Europeana Collections,6957,6957,7,4,6388,4849.0,1.5272440944881889,0.0,,,2.795457812275406,2.6727037516170764,0.0,0,0,2794,209,225,2017-10-14 18:57:05+00:00,2025-03-17 10:02:16+00:00,2017-10-15 07:28:33+00:00,2017-10-16 13:42:36+00:00,91.82118729337358,0.057496047146758655,1.7816087962962963,False
10504,EA,Europeana APIs,4039,4039,5,0,3276,4849.0,2.0037190082644627,0.0,,,3.877940084179252,2.699678138153008,0.0,0,0,3500,135,121,2017-10-15 10:29:14+00:00,2024-02-28 10:36:41+00:00,,,81.10918544194108,0.0,,False
10505,MET,Metis,6506,6506,6,1,5876,10004.5,3.783850226928896,16.5,,,4.819397479249923,3.6752228711958193,0.0,0,6,2672,139,136,2018-11-16 08:12:19+00:00,2025-06-30 15:11:03+00:00,2018-05-23 14:34:55+00:00,2018-05-23 14:34:55+00:00,90.3166308023363,0.01537042729787888,-176.73430555555555,False
10520,DCMEEREQ,dcm4chee-req,1291,1291,1,0,978,2493.5,3.951664025356577,0.0,,,2.3059643687064293,1.1130906274206043,0.08752904725019364,113,0,952,0,0,2015-12-09 17:53:29+00:00,2015-12-09 17:53:29+00:00,,,75.75522850503485,0.0,,False
10600,QTQAINFRA,Qt Quality Assurance Infrastructure,6179,6179,6179,5455,5397,435.0,6.304347826086956,209.5,251.8240382230879,56.05019675925926,2.4855154555753356,0.5908723094351837,0.0003236769703835572,2,16,3587,33,101,2009-11-12 10:02:54+00:00,2025-09-03 17:51:11+00:00,2010-09-02 13:15:23+00:00,2025-09-04 10:00:37+00:00,87.34423045800291,88.28289367211522,5774.998414351852,True
10630,QTIFW,Qt Installer Framework,3420,3420,3420,3075,3012,479.0,4.79,0.0,303.66716482610656,32.781469907407406,2.0248538011695905,0.5812865497076023,0.0,0,0,913,2,0,2010-08-09 05:22:09+00:00,2025-08-21 22:05:09+00:00,2011-09-06 15:02:50+00:00,2025-09-03 09:30:23+00:00,88.0701754385965,89.91228070175438,5504.172384259259,True
10817,WLPC,WorklogPRO Cloud,474,474,0,0,345,118.0,2.0701754385964914,12.0,,,2.181434599156118,0.350210970464135,0.016877637130801686,8,6,41,2,3,,,,,72.78481012658227,0.0,,False
10819,CMTC,Configuration Management Toolkit Cloud,949,949,0,0,889,584.0,2.2548262548262548,141.5,,,2.4836670179135933,0.3972602739726027,0.015806111696522657,15,5,189,17,17,,,,,93.67755532139094,0.0,,False
10838,COMMERCE,PUBLIC - Liferay Commerce,9283,9283,8560,2306,9156,9119.5,4.980611687602403,166.016666667,97.07300962565449,29.130520833333335,5.280405041473662,2.4189378433696005,0.00010772379618657762,1,9,6899,6,291,2017-03-24 09:59:18+00:00,2023-06-16 09:09:02+00:00,2018-02-21 17:00:43+00:00,2023-03-10 05:06:46+00:00,98.63190778843047,24.8411074006248,2176.796851851852,True
11011,BAM,Bamboo Data Center,16172,16172,16172,14550,14503,165.0,3.5106382978723403,3564.750000006,949.3115385110411,129.0443113425926,3.0664729161513726,0.5048231511254019,0.009213455354934454,149,813,7007,83,91,2006-04-06 23:43:22+00:00,2025-09-02 14:31:13+00:00,2006-04-06 23:48:34+00:00,2025-09-02 11:32:07+00:00,89.67969329705664,89.97031906999753,7088.4921875,True
11070,CBL,Couchbase Lite,3229,3229,2,0,3122,9274.5,3.4464882943143813,2300.166666667,,,3.4794053886652216,0.8550634871477237,0.27903375658098484,901,415,1920,10,78,2022-08-22 22:18:01+00:00,2022-11-30 19:23:21+00:00,,,96.68628058222359,0.0,,False
11077,CBG,Couchbase Gateway,2119,2119,1,1,2000,5499.0,2.967620075553157,5.916666667,,,3.9650778669183575,0.9051439358187825,0.26002831524303915,551,7,1052,13,64,2020-04-09 16:37:11+00:00,2020-04-09 16:37:11+00:00,2023-05-22 12:52:35+00:00,2023-05-22 12:52:35+00:00,94.38414346389806,0.04719207173194903,1137.8440277777777,False
11078,NCBC,Couchbase .NET client library,3934,3934,6,2,3659,2367.0,1.0215796288303842,0.0,,,2.9260294865277072,0.3632435180477885,0.1487036095577021,585,0,987,6,58,2010-11-10 19:41:47+00:00,2021-10-22 04:36:46+00:00,2012-10-16 14:36:25+00:00,2016-09-29 21:59:13+00:00,93.00965937976613,0.05083884087442806,2150.0954398148147,False
11080,K8S,Couchbase Kubernetes,3935,3935,7,4,3530,3667.0,1.4307452204447912,13.5,,,1.5212198221092756,0.781702668360864,0.04879288437102922,192,5,1589,13,127,2018-02-22 19:51:23+00:00,2025-06-12 19:32:38+00:00,2018-06-14 11:13:33+00:00,2022-03-22 13:00:38+00:00,89.70775095298602,0.10165184243964422,1488.7147569444444,False
11084,JCBC,Couchbase Java Client,1978,1978,0,3,1880,858.0,1.0094117647058825,0.0,,,2.211324570273003,0.46865520728008087,0.0910010111223458,180,0,419,3,34,,,2020-08-04 08:55:25+00:00,2023-10-31 22:11:24+00:00,95.04550050556118,0.15166835187057634,,False
11088,GOCBC,Couchbase Go SDK,1708,1708,3,0,1636,1421.0,1.0164520743919885,0.0,,,2.8747072599531616,0.37177985948477754,0.08489461358313817,145,0,484,9,66,2016-01-21 18:24:28+00:00,2024-07-11 16:29:09+00:00,,,95.78454332552693,0.0,,False
11089,PYCBC,Couchbase Python Client Library,1638,1638,3,0,1383,1153.0,0.9914015477214101,0.0,,,2.7405372405372406,0.43284493284493286,0.13614163614163613,223,0,452,5,47,2019-12-05 16:54:55+00:00,2023-09-07 02:08:16+00:00,,,84.43223443223444,0.0,,False
11090,JVMCBC,Java Couchbase JVM Core,1625,1625,1,1,1461,1042.0,0.9245785270629991,0.0,,,2.2313846153846155,0.24984615384615386,0.06338461538461539,103,0,321,1,49,2021-07-13 12:11:01+00:00,2021-07-13 12:11:01+00:00,2019-04-24 01:02:51+00:00,2019-04-24 01:02:51+00:00,89.90769230769232,0.06153846153846154,-811.4640046296296,False
11091,CCBC,Couchbase C client library libcouchbase,1579,1579,6,0,1460,689.0,0.9596100278551533,0.0,,,2.0880303989867004,0.40341988600379985,0.06713109563014566,106,0,497,4,158,2011-01-17 22:23:22+00:00,2021-04-16 16:10:16+00:00,,,92.46358454718177,0.0,,False
11094,JSCBC,Couchbase node.js Client Library,1278,1278,1,0,1147,822.0,0.9558139534883721,0.0,,,2.486697965571205,0.1619718309859155,0.16823161189358374,215,0,477,5,55,2021-08-27 17:07:19+00:00,2021-08-27 17:07:19+00:00,,,89.74960876369326,0.0,,False
11096,CM,Couchbase Mobile,1048,1048,1,2,687,1011.0,1.3095854922279793,31.5,,,1.2127862595419847,0.6574427480916031,0.0019083969465648854,2,4,963,0,20,2021-01-08 19:56:22+00:00,2021-01-08 19:56:22+00:00,2020-05-13 02:22:16+00:00,2020-09-02 18:13:42+00:00,65.55343511450383,0.19083969465648853,-128.0712962962963,False
11097,PCBC,Couchbase PHP client library,990,990,1,0,883,458.0,0.9404517453798767,0.0,,,2.107070707070707,0.37373737373737376,0.08080808080808081,80,0,208,7,32,2013-02-13 19:21:35+00:00,2013-02-13 19:21:35+00:00,,,89.19191919191918,0.0,,False
11100,DA,Data Analytics (Data Lab),8114,8114,9,9,7628,28643.0,4.328044726503475,0.0,,,3.0322898693615974,0.7388464382548682,0.0,0,0,3350,461,462,2018-01-07 19:54:33+00:00,2021-02-05 15:52:43+00:00,2018-05-08 13:59:59+00:00,2021-09-09 02:20:50+00:00,94.0103524771999,0.11091939857037221,1340.2682523148148,False
11100,OLMIS,OpenLMIS General,7859,7859,11,3,4139,9029.5,3.0536016232668244,61785.225000036,,,3.6430843618781017,2.6329049497391526,0.0,0,19811,9251,663,663,2016-04-21 20:20:59+00:00,2025-03-19 12:13:17+00:00,2017-03-09 13:26:08+00:00,2019-01-30 12:38:33+00:00,52.665733553887264,0.03817279552105866,1013.6788657407408,False
11101,CXXCBC,C++ Couchbase Client,690,690,0,0,539,752.0,1.0898550724637681,0.0,,,3.3971014492753624,0.4753623188405797,0.21884057971014492,151,0,346,41,96,,,,,78.1159420289855,0.0,,False
11103,CMOS,Couchbase Monitoring and Observability Stack,467,467,1,0,260,462.0,0.9892933618843683,3.0,,,1.36830835117773,0.7237687366167024,0.0,0,1,186,6,32,2021-09-29 15:03:56+00:00,2021-09-29 15:03:56+00:00,,,55.6745182012848,0.0,,False
11104,RCBC,Couchbase Ruby client library,494,494,0,0,439,284.0,0.9466666666666667,0.0,,,2.5465587044534415,0.27530364372469635,0.10931174089068826,54,0,124,12,31,,,,,88.8663967611336,0.0,,False
11106,LPD,PUBLIC - Liferay Product Delivery,50840,50840,6819,510,40761,13108.5,4.204137267479154,1278.300000007,106.85936384176092,28.882997685185185,2.891719118804091,1.554996066089693,0.001966955153422502,100,334,22260,171,1046,2010-05-13 15:24:26+00:00,2025-10-21 22:10:59+00:00,2014-11-18 12:36:28+00:00,2025-11-06 20:05:16+00:00,80.1750590086546,1.003147128245476,5656.195023148148,True
11106,SCBC,Scala Couchbase Client,480,480,1,0,456,325.25,0.9346264367816092,0.0,,,2.877083333333333,0.12708333333333333,0.15833333333333333,76,0,58,0,5,2019-07-30 08:50:42+00:00,2019-07-30 08:50:42+00:00,,,95.0,0.0,,False
11110,KAFKAC,Couchbase Kafka Connector,381,381,1,0,343,259.0,0.8633333333333333,0.0,,,2.188976377952756,0.09448818897637795,0.05249343832020997,20,0,104,0,16,2024-08-15 18:10:21+00:00,2024-08-15 18:10:21+00:00,,,90.02624671916011,0.0,,False
11111,CBES,Couchbase Elasticsearch Connector,321,321,0,1,282,147.0,0.8352272727272727,102.0,,,2.0965732087227416,0.13395638629283488,0.037383177570093455,12,13,61,0,9,,,2020-07-08 19:41:17+00:00,2020-07-08 19:41:17+00:00,87.85046728971963,0.3115264797507788,,False
11112,TXNCXX,Distributed Transactions C++,262,262,0,0,218,280.0,1.0687022900763359,0.0,,,3.1603053435114505,0.5687022900763359,0.011450381679389313,3,0,88,5,32,,,,,83.20610687022901,0.0,,False
11114,SPARKC,Couchbase Spark Connector,230,230,0,1,222,133.0,0.9236111111111112,0.0,,,2.1130434782608694,0.33043478260869563,0.1,23,0,78,2,3,,,2016-06-15 07:26:13+00:00,2016-06-15 07:26:13+00:00,96.52173913043478,0.43478260869565216,,False
11115,JDCP,Java DCP Client,262,262,0,0,233,185.0,0.9536082474226805,0.0,,,2.3396946564885495,0.12595419847328243,0.022900763358778626,6,0,81,0,20,,,,,88.93129770992367,0.0,,False
11203,DEV,Development,12335,12334,13,7,11112,39126.0,5.286582894203486,243.033333334,,,3.5920551276854478,2.4909606809890557,0.010133765707336847,125,57,9825,1148,1148,2018-01-05 15:57:51+00:00,2025-08-19 21:01:06+00:00,2018-05-04 15:21:54+00:00,2023-05-16 13:36:54+00:00,90.08512363194163,0.05674908796108633,1956.9021180555555,True
11209,CG,Citizens Guide,1459,1459,3,1,1238,4255.0,4.3551688843398155,0.0,,,1.9273474982864975,1.0932145305003427,0.0,0,0,604,74,73,2018-09-11 18:27:00+00:00,2019-09-16 14:37:48+00:00,2018-07-30 19:26:53+00:00,2018-07-30 19:26:53+00:00,84.85263879369431,0.06854009595613435,-42.95841435185185,False
11291,CWD,Crowd Data Center,4900,4900,4900,4105,4044,486.5,1.849809885931559,1496.61666667,852.8590375445483,84.39616898148148,2.5989795918367347,0.48428571428571426,0.011020408163265306,54,290,3396,102,65,2006-09-25 19:37:04+00:00,2025-09-02 09:41:00+00:00,2006-09-26 17:40:23+00:00,2025-08-21 12:38:09+00:00,82.53061224489797,83.77551020408164,6904.709085648148,True
11400,PLANET,Planet4,7673,7673,7673,7079,1,21789.5,4.524397840531561,1087.900000003,105.73630751884814,21.89702546296296,3.486511142968852,0.6752248142838525,0.01355402059168513,104,99,4100,233,233,2016-09-12 10:31:12+00:00,2025-07-21 10:25:52+00:00,2016-09-19 16:25:35+00:00,2025-07-24 10:45:55+00:00,0.013032712107389547,92.25856900821061,3237.010219907407,True
11740,QDS,Qt Design Studio,13053,13053,13053,10774,10565,18718.0,6.112998040496407,420.475,134.58313827892422,16.022662037037037,2.1103194667892438,0.4112464567532368,0.0,0,35,3430,41,44,2010-10-20 17:26:53+00:00,2025-09-04 13:36:36+00:00,2017-11-09 08:31:12+00:00,2025-09-04 13:57:25+00:00,80.93924768252509,82.54041216578565,5432.854537037037,True
11741,QSR,Qt Safe Renderer,1506,1506,1506,1388,1317,730.2,2.1797014925373137,13.900000001,229.95687490827464,79.17147569444444,2.4674634794156707,0.545816733067729,0.0,0,9,382,0,0,2017-04-03 13:29:02+00:00,2025-05-15 10:41:18+00:00,2017-06-02 09:18:03+00:00,2025-05-15 07:29:00+00:00,87.45019920318725,92.16467463479415,2963.749976851852,True
11771,CRUC,Crucible,6857,6857,6857,6038,5980,286.75,1.686764705882353,8364.616666665,403.18528584972637,37.8796875,3.6759515823246316,0.5371153565699286,0.05833454863642992,400,3374,3414,27,29,2007-08-15 03:36:53+00:00,2025-08-26 09:44:47+00:00,2007-08-20 23:56:39+00:00,2025-05-20 17:00:42+00:00,87.21015021146273,88.05600116669098,6488.558206018519,True
11830,FE,FishEye,5686,5686,5686,4838,4779,358.753333333,1.4948055555541666,2761.550000041,512.0483872372268,44.338159722222215,3.5891663735490678,0.5198733731973267,0.041857193105874074,238,1188,2675,31,33,2006-01-11 07:21:25+00:00,2025-08-29 08:17:59+00:00,2007-08-30 04:27:33+00:00,2025-08-12 09:46:42+00:00,84.04854027435807,85.0861765740415,7153.100891203704,True
13310,BSERV,Bitbucket Data Center,9950,9950,9950,7608,7549,136.5,2.73,7.966666668,518.1826072944658,21.19354166666667,2.512562814070352,0.35708542713567837,0.0,0,18,5428,19,22,2012-03-01 03:39:00+00:00,2025-09-03 00:09:14+00:00,2012-03-26 22:07:41+00:00,2025-09-01 06:10:01+00:00,75.86934673366834,76.46231155778894,4932.104872685185,True
14510,SRCTREEWIN,Sourcetree for Windows,10191,10191,10191,5974,5974,100037227732004.5,1266294021924.1077,0.0,503.74238438131596,93.17340277777778,1.9062898636051417,0.2176430183495241,0.014718869590815425,150,0,4424,26,30,2012-09-26 11:49:35+00:00,2025-08-19 11:14:15+00:00,2012-09-27 09:59:53+00:00,2025-08-21 05:03:36+00:00,58.620351290354236,58.620351290354236,4711.71806712963,True
23110,AI,Atlassian Intelligence,888,888,888,573,573,18.0,1.8,0.916666667,998.4224681258484,730.3995833333333,1.6509009009009008,0.5529279279279279,0.0,0,3,739,6,4,2004-05-27 09:42:36+00:00,2025-09-02 15:23:14+00:00,2011-10-19 02:47:15+00:00,2025-08-26 04:29:52+00:00,64.52702702702703,64.52702702702703,7760.782824074074,True
